Dataset,Language,Text (truncated),Ground Truth Entities,Predicted Entities,True Positives,False Positives,False Negatives (Missed),TP Count,FP Count,FN Count
Structured CSV,unknown,"John Smith,123 Main Street Chicago IL 60601,555-123-4567,john.smith@email.com,123-45-6789,1985-03-15,Diabetes Type 2,Metformin 500mg",person:John Smith; address:123 Main Street Chicago IL 60601; phone_number:555-123-4567; email:john.smith@email.com; national_id_number:123-45-6789; date_of_birth:1985-03-15; medical_condition:Diabetes Type 2; medication:Metformin 500mg,person:John Smith(1.00); address:123 Main Street Chicago IL 60601(0.99); phone_number:555-123-4567(0.54); email:john.smith@email.com(1.00); credit_card_number:123-45-6789(0.48); date_of_birth:1985-03-15(0.87); medical_condition:Diabetes Type 2(0.99); medication:Metformin 500mg(0.96),person:John Smith; address:123 Main Street Chicago IL 60601; phone_number:555-123-4567; email:john.smith@email.com; date_of_birth:1985-03-15; medical_condition:Diabetes Type 2; medication:Metformin 500mg,credit_card_number:123-45-6789,national_id_number:123-45-6789,7,1,1
Structured CSV,unknown,"Maria Garcia,456 Oak Avenue Los Angeles CA 90001,555-234-5678,maria.garcia@gmail.com,234-56-7890,1990-07-22,Hypertension,Lisinopril 10mg",person:Maria Garcia; address:456 Oak Avenue Los Angeles CA 90001; phone_number:555-234-5678; email:maria.garcia@gmail.com; national_id_number:234-56-7890; date_of_birth:1990-07-22; medical_condition:Hypertension; medication:Lisinopril 10mg,person:Maria Garcia(1.00); address:456 Oak Avenue Los Angeles CA 90001(0.99); phone_number:555-234-5678(0.54); email:maria.garcia@gmail.com(1.00); credit_card_number:234-56-7890(0.48); date_of_birth:1990-07-22(0.86); medical_condition:Hypertension(0.99); medication:Lisinopril 10mg(0.94),person:Maria Garcia; address:456 Oak Avenue Los Angeles CA 90001; phone_number:555-234-5678; email:maria.garcia@gmail.com; date_of_birth:1990-07-22; medical_condition:Hypertension; medication:Lisinopril 10mg,credit_card_number:234-56-7890,national_id_number:234-56-7890,7,1,1
Structured CSV,unknown,"Hans Mueller,Berliner Straße 78 Berlin 10115,+49 30 12345678,hans.mueller@web.de,DE89370400440532013000,1978-11-30,Asthma,Salbutamol",person:Hans Mueller; address:Berliner Straße 78 Berlin 10115; phone_number:+49 30 12345678; email:hans.mueller@web.de; national_id_number:DE89370400440532013000; date_of_birth:1978-11-30; medical_condition:Asthma; medication:Salbutamol,person:Hans Mueller(1.00); address:Berliner Straße 78 Berlin 10115(0.99); phone_number:+49 30 12345678(1.00); email:hans.mueller@web.de(1.00); date_of_birth:1978-11-30(0.90); medical_condition:Asthma(0.98); medication:Salbutamol(0.93),person:Hans Mueller; address:Berliner Straße 78 Berlin 10115; phone_number:+49 30 12345678; email:hans.mueller@web.de; date_of_birth:1978-11-30; medical_condition:Asthma; medication:Salbutamol,-,national_id_number:DE89370400440532013000,7,0,1
Structured CSV,unknown,"Pierre Dubois,15 Rue de la Paix Paris 75002,+33 1 23 45 67 89,pierre.dubois@orange.fr,1 85 12 75 123 456 78,1982-05-18,Arthritis,Ibuprofen 400mg",person:Pierre Dubois; address:15 Rue de la Paix Paris 75002; phone_number:+33 1 23 45 67 89; email:pierre.dubois@orange.fr; national_id_number:1 85 12 75 123 456 78; date_of_birth:1982-05-18; medical_condition:Arthritis; medication:Ibuprofen 400mg,person:Pierre Dubois(1.00); address:15 Rue de la Paix Paris 75002(1.00); phone_number:+33 1 23 45 67 89(0.99); email:pierre.dubois@orange.fr(1.00); phone_number:1 85 12 75 123 456 78(0.90); date_of_birth:1982-05-18(0.88); medical_condition:Arthritis(0.99); medication:Ibuprofen 400mg(0.90),person:Pierre Dubois; address:15 Rue de la Paix Paris 75002; phone_number:+33 1 23 45 67 89; email:pierre.dubois@orange.fr; date_of_birth:1982-05-18; medical_condition:Arthritis; medication:Ibuprofen 400mg,phone_number:1 85 12 75 123 456 78,national_id_number:1 85 12 75 123 456 78,7,1,1
Structured CSV,unknown,"Sofia Rossi,Via Roma 42 Milano 20121,+39 02 1234567,sofia.rossi@libero.it,RSSSFO82A41F205X,1982-01-01,Migraine,Sumatriptan",person:Sofia Rossi; address:Via Roma 42 Milano 20121; phone_number:+39 02 1234567; email:sofia.rossi@libero.it; national_id_number:RSSSFO82A41F205X; date_of_birth:1982-01-01; medical_condition:Migraine; medication:Sumatriptan,person:Sofia Rossi(1.00); address:Via Roma 42 Milano 20121(0.99); phone_number:+39 02 1234567(0.99); email:sofia.rossi@libero.it(1.00); date_of_birth:1982-01-01(0.79); medical_condition:Migraine(0.98); medication:Sumatriptan(0.97),person:Sofia Rossi; address:Via Roma 42 Milano 20121; phone_number:+39 02 1234567; email:sofia.rossi@libero.it; date_of_birth:1982-01-01; medical_condition:Migraine; medication:Sumatriptan,-,national_id_number:RSSSFO82A41F205X,7,0,1
Structured CSV,unknown,"Carlos Silva,Av Paulista 1000 São Paulo 01310-100,+55 11 98765-4321,carlos.silva@uol.com.br,123.456.789-00,1975-09-25,Depression,Sertraline 50mg",person:Carlos Silva; address:Av Paulista 1000 São Paulo 01310-100; phone_number:+55 11 98765-4321; email:carlos.silva@uol.com.br; national_id_number:123.456.789-00; date_of_birth:1975-09-25; medical_condition:Depression; medication:Sertraline 50mg,person:Carlos Silva(1.00); address:Av Paulista 1000 São Paulo 01310-100(0.99); phone_number:+55 11 98765-4321(0.99); email:carlos.silva@uol.com.br(1.00); credit_card_number:123.456.789-00(0.56); date_of_birth:1975-09-25(0.84); medical_condition:Depression(0.99); medication:Sertraline 50mg(0.95),person:Carlos Silva; address:Av Paulista 1000 São Paulo 01310-100; phone_number:+55 11 98765-4321; email:carlos.silva@uol.com.br; date_of_birth:1975-09-25; medical_condition:Depression; medication:Sertraline 50mg,credit_card_number:123.456.789-00,national_id_number:123.456.789-00,7,1,1
Structured CSV,unknown,"Emma Johnson,789 Queen Street Toronto ON M5H 2N2,416-555-0123,emma.johnson@outlook.com,046 454 286,1988-12-10,Anxiety,Alprazolam",person:Emma Johnson; address:789 Queen Street Toronto ON M5H 2N2; phone_number:416-555-0123; email:emma.johnson@outlook.com; national_id_number:046 454 286; date_of_birth:1988-12-10; medical_condition:Anxiety; medication:Alprazolam,person:Emma Johnson(1.00); address:789 Queen Street Toronto ON M5H 2N2(0.99); phone_number:416-555-0123(0.70); email:emma.johnson@outlook.com(1.00); phone_number:046 454 286(0.77); date_of_birth:1988-12-10(0.88); medical_condition:Anxiety(0.94); medication:Alprazolam(0.98),person:Emma Johnson; address:789 Queen Street Toronto ON M5H 2N2; phone_number:416-555-0123; email:emma.johnson@outlook.com; date_of_birth:1988-12-10; medical_condition:Anxiety; medication:Alprazolam,phone_number:046 454 286,national_id_number:046 454 286,7,1,1
Structured CSV,unknown,"Liu Wei,北京市朝阳区建国路88号,+86 10 8765 4321,liu.wei@163.com,110101198501011234,1985-01-01,Gastritis,Omeprazole",person:Liu Wei; address:北京市朝阳区建国路88号; phone_number:+86 10 8765 4321; email:liu.wei@163.com; national_id_number:110101198501011234; date_of_birth:1985-01-01; medical_condition:Gastritis; medication:Omeprazole,person:Liu Wei(1.00); address:北京市朝阳区建国路88号(0.98); phone_number:+86 10 8765 4321(1.00); email:liu.wei@163.com(1.00); credit_card_number:110101198501011234(0.35); date:1985-01-01(0.77); medical_condition:Gastritis(0.99); medication:Omeprazole(0.97),person:Liu Wei; address:北京市朝阳区建国路88号; phone_number:+86 10 8765 4321; email:liu.wei@163.com; medical_condition:Gastritis; medication:Omeprazole,credit_card_number:110101198501011234; date:1985-01-01,national_id_number:110101198501011234; date_of_birth:1985-01-01,6,2,2
Structured CSV,unknown,"Yuki Tanaka,東京都渋谷区神南1-2-3,+81 3 1234 5678,yuki.tanaka@docomo.ne.jp,1234-5678-9012,1992-04-15,Eczema,Hydrocortisone",person:Yuki Tanaka; address:東京都渋谷区神南1-2-3; phone_number:+81 3 1234 5678; email:yuki.tanaka@docomo.ne.jp; national_id_number:1234-5678-9012; date_of_birth:1992-04-15; medical_condition:Eczema; medication:Hydrocortisone,person:Yuki Tanaka(1.00); address:東京都渋谷区神南1-2-3(0.97); phone_number:+81 3 1234 5678(1.00); email:yuki.tanaka@docomo.ne.jp(1.00); credit_card_number:1234-5678-9012(0.62); date_of_birth:1992-04-15(0.86); medical_condition:Eczema(0.93); medication:Hydrocortisone(0.94),person:Yuki Tanaka; address:東京都渋谷区神南1-2-3; phone_number:+81 3 1234 5678; email:yuki.tanaka@docomo.ne.jp; date_of_birth:1992-04-15; medical_condition:Eczema; medication:Hydrocortisone,credit_card_number:1234-5678-9012,national_id_number:1234-5678-9012,7,1,1
Structured CSV,unknown,"Ahmed Hassan,15 شارع التحرير القاهرة,+20 2 2345 6789,ahmed.hassan@gmail.com,28501011234567,1985-01-01,Bronchitis,Amoxicillin",person:Ahmed Hassan; address:15 شارع التحرير القاهرة; phone_number:+20 2 2345 6789; email:ahmed.hassan@gmail.com; national_id_number:28501011234567; date_of_birth:1985-01-01; medical_condition:Bronchitis; medication:Amoxicillin,person:Ahmed Hassan(1.00); address:15 شارع التحرير القاهرة(0.99); phone_number:+20 2 2345 6789(1.00); email:ahmed.hassan@gmail.com(1.00); date_of_birth:1985-01-01(0.90); medical_condition:Bronchitis(0.98); medication:Amoxicillin(0.85),person:Ahmed Hassan; address:15 شارع التحرير القاهرة; phone_number:+20 2 2345 6789; email:ahmed.hassan@gmail.com; date_of_birth:1985-01-01; medical_condition:Bronchitis; medication:Amoxicillin,-,national_id_number:28501011234567,7,0,1
Structured CSV,unknown,"Isabella Martinez,Calle Mayor 25 Madrid 28013,+34 91 123 4567,isabella.martinez@telefonica.es,12345678Z,1979-06-08,Hypothyroidism,Levothyroxine",person:Isabella Martinez; address:Calle Mayor 25 Madrid 28013; phone_number:+34 91 123 4567; email:isabella.martinez@telefonica.es; national_id_number:12345678Z; date_of_birth:1979-06-08; medical_condition:Hypothyroidism; medication:Levothyroxine,person:Isabella Martinez(1.00); address:Calle Mayor 25 Madrid 28013(0.99); phone_number:+34 91 123 4567(1.00); email:isabella.martinez@telefonica.es(1.00); credit_card_number:12345678Z(0.56); date_of_birth:1979-06-08(0.89); medical_condition:Hypothyroidism(0.99); medication:Levothyroxine(0.97),person:Isabella Martinez; address:Calle Mayor 25 Madrid 28013; phone_number:+34 91 123 4567; email:isabella.martinez@telefonica.es; date_of_birth:1979-06-08; medical_condition:Hypothyroidism; medication:Levothyroxine,credit_card_number:12345678Z,national_id_number:12345678Z,7,1,1
Structured CSV,unknown,"Olga Petrova,Тверская улица 15 Москва 125009,+7 495 123 4567,olga.petrova@mail.ru,4510 123456,1983-02-28,Anemia,Ferrous sulfate",person:Olga Petrova; address:Тверская улица 15 Москва 125009; phone_number:+7 495 123 4567; email:olga.petrova@mail.ru; national_id_number:4510 123456; date_of_birth:1983-02-28; medical_condition:Anemia; medication:Ferrous sulfate,person:Olga Petrova(1.00); address:Тверская улица 15 Москва 125009(0.98); phone_number:+7 495 123 4567(1.00); email:olga.petrova@mail.ru(1.00); email:4510 123456(0.44); date_of_birth:1983-02-28(0.88); medical_condition:Anemia(0.99); medical_condition:Ferrous sulfate(0.64),person:Olga Petrova; address:Тверская улица 15 Москва 125009; phone_number:+7 495 123 4567; email:olga.petrova@mail.ru; date_of_birth:1983-02-28; medical_condition:Anemia,email:4510 123456; medical_condition:Ferrous sulfate,national_id_number:4510 123456; medication:Ferrous sulfate,6,2,2
Structured CSV,unknown,"James Wilson,45 George Street Sydney NSW 2000,+61 2 9876 5432,james.wilson@bigpond.com,123 456 789,1976-08-14,Gout,Allopurinol",person:James Wilson; address:45 George Street Sydney NSW 2000; phone_number:+61 2 9876 5432; email:james.wilson@bigpond.com; national_id_number:123 456 789; date_of_birth:1976-08-14; medical_condition:Gout; medication:Allopurinol,person:James Wilson(1.00); address:45 George Street Sydney NSW 2000(0.99); phone_number:+61 2 9876 5432(0.99); email:james.wilson@bigpond.com(1.00); credit_card_number:123 456 789(0.54); date_of_birth:1976-08-14(0.85); medical_condition:Gout(0.99); medication:Allopurinol(0.98),person:James Wilson; address:45 George Street Sydney NSW 2000; phone_number:+61 2 9876 5432; email:james.wilson@bigpond.com; date_of_birth:1976-08-14; medical_condition:Gout; medication:Allopurinol,credit_card_number:123 456 789,national_id_number:123 456 789,7,1,1
Structured CSV,unknown,"Fatima Al-Rashid,شارع الملك فهد الرياض 12345,+966 11 234 5678,fatima.alrashid@hotmail.com,1087654321,1991-03-20,Fibromyalgia,Pregabalin",person:Fatima Al-Rashid; address:شارع الملك فهد الرياض 12345; phone_number:+966 11 234 5678; email:fatima.alrashid@hotmail.com; national_id_number:1087654321; date_of_birth:1991-03-20; medical_condition:Fibromyalgia; medication:Pregabalin,person:Fatima Al-Rashid(1.00); address:شارع الملك فهد الرياض 12345(0.99); phone_number:+966 11 234 5678(1.00); email:fatima.alrashid@hotmail.com(1.00); date_of_birth:1991-03-20(0.82); medical_condition:Fibromyalgia(0.99); medication:Pregabalin(0.98),person:Fatima Al-Rashid; address:شارع الملك فهد الرياض 12345; phone_number:+966 11 234 5678; email:fatima.alrashid@hotmail.com; date_of_birth:1991-03-20; medical_condition:Fibromyalgia; medication:Pregabalin,-,national_id_number:1087654321,7,0,1
Structured CSV,unknown,"Chen Xiaoming,上海市浦东新区陆家嘴环路1000号,+86 21 6543 2100,chen.xiaoming@qq.com,310101199203151234,1992-03-15,Insomnia,Zolpidem",person:Chen Xiaoming; address:上海市浦东新区陆家嘴环路1000号; phone_number:+86 21 6543 2100; email:chen.xiaoming@qq.com; national_id_number:310101199203151234; date_of_birth:1992-03-15; medical_condition:Insomnia; medication:Zolpidem,person:Chen Xiaoming(1.00); address:上海市浦东新区陆家嘴环路1000号(0.83); phone_number:+86 21 6543 2100(1.00); email:chen.xiaoming@qq.com(0.99); email:310101199203151234(0.32); date:1992-03-15(0.83); medication:Insomnia(0.82); medication:Zolpidem(0.98),person:Chen Xiaoming; address:上海市浦东新区陆家嘴环路1000号; phone_number:+86 21 6543 2100; email:chen.xiaoming@qq.com; medication:Zolpidem,email:310101199203151234; date:1992-03-15; medication:Insomnia,national_id_number:310101199203151234; date_of_birth:1992-03-15; medical_condition:Insomnia,5,3,3
Structured CSV,unknown,"Anna Kowalski,ul. Marszałkowska 100 Warszawa 00-001,+48 22 123 4567,anna.kowalski@wp.pl,92030512345,1992-03-05,Psoriasis,Methotrexate",person:Anna Kowalski; address:ul. Marszałkowska 100 Warszawa 00-001; phone_number:+48 22 123 4567; email:anna.kowalski@wp.pl; national_id_number:92030512345; date_of_birth:1992-03-05; medical_condition:Psoriasis; medication:Methotrexate,person:Anna Kowalski(1.00); address:ul. Marszałkowska 100 Warszawa 00-001(0.99); phone_number:+48 22 123 4567(1.00); email:anna.kowalski@wp.pl(1.00); email:92030512345(0.52); date_of_birth:1992-03-05(0.84); medical_condition:Psoriasis(0.95); medication:Methotrexate(0.98),person:Anna Kowalski; address:ul. Marszałkowska 100 Warszawa 00-001; phone_number:+48 22 123 4567; email:anna.kowalski@wp.pl; date_of_birth:1992-03-05; medical_condition:Psoriasis; medication:Methotrexate,email:92030512345,national_id_number:92030512345,7,1,1
Structured CSV,unknown,"Mohammed Ali,14 Corniche Road Abu Dhabi,+971 2 123 4567,mohammed.ali@emirates.net.ae,784-1985-1234567-1,1985-07-12,COPD,Tiotropium",person:Mohammed Ali; address:14 Corniche Road Abu Dhabi; phone_number:+971 2 123 4567; email:mohammed.ali@emirates.net.ae; national_id_number:784-1985-1234567-1; date_of_birth:1985-07-12; medical_condition:COPD; medication:Tiotropium,person:Mohammed Ali(1.00); address:14 Corniche Road Abu Dhabi(0.98); phone_number:+971 2 123 4567(1.00); email:mohammed.ali@emirates.net.ae(1.00); date:1985-07-12(0.87); medical_condition:COPD(0.99); medication:Tiotropium(0.92),person:Mohammed Ali; address:14 Corniche Road Abu Dhabi; phone_number:+971 2 123 4567; email:mohammed.ali@emirates.net.ae; medical_condition:COPD; medication:Tiotropium,date:1985-07-12,national_id_number:784-1985-1234567-1; date_of_birth:1985-07-12,6,1,2
Structured CSV,unknown,"Sarah O'Brien,12 Grafton Street Dublin D02 VF89,+353 1 234 5678,sarah.obrien@eircom.net,1234567T,1987-10-25,Celiac Disease,Gluten-free diet",person:Sarah O'Brien; address:12 Grafton Street Dublin D02 VF89; phone_number:+353 1 234 5678; email:sarah.obrien@eircom.net; national_id_number:1234567T; date_of_birth:1987-10-25; medical_condition:Celiac Disease; medication:Gluten-free diet,person:Sarah O'Brien(1.00); address:12 Grafton Street Dublin D02 VF89(0.99); phone_number:+353 1 234 5678(1.00); email:sarah.obrien@eircom.net(1.00); date_of_birth:1987-10-25(0.89); medical_condition:Celiac Disease(0.96); medical_condition:Gluten-free diet(0.40),person:Sarah O'Brien; address:12 Grafton Street Dublin D02 VF89; phone_number:+353 1 234 5678; email:sarah.obrien@eircom.net; date_of_birth:1987-10-25; medical_condition:Celiac Disease,medical_condition:Gluten-free diet,national_id_number:1234567T; medication:Gluten-free diet,6,1,2
Structured CSV,unknown,"Kim Min-Jun,서울특별시 강남구 테헤란로 152,+82 2 1234 5678,kim.minjun@naver.com,850101-1234567,1985-01-01,Hepatitis B,Entecavir",person:Kim Min-Jun; address:서울특별시 강남구 테헤란로 152; phone_number:+82 2 1234 5678; email:kim.minjun@naver.com; national_id_number:850101-1234567; date_of_birth:1985-01-01; medical_condition:Hepatitis B; medication:Entecavir,person:Kim Min-Jun(1.00); address:서울특별시 강남구 테헤란로 152(0.99); phone_number:+82 2 1234 5678(1.00); email:kim.minjun@naver.com(1.00); date_of_birth:1985-01-01(0.79); medical_condition:Hepatitis B(0.89); medical_condition:Entecavir(0.54),person:Kim Min-Jun; address:서울특별시 강남구 테헤란로 152; phone_number:+82 2 1234 5678; email:kim.minjun@naver.com; date_of_birth:1985-01-01; medical_condition:Hepatitis B,medical_condition:Entecavir,national_id_number:850101-1234567; medication:Entecavir,6,1,2
Structured CSV,unknown,"Nina Andersen,Strøget 55 København 1157,+45 33 12 34 56,nina.andersen@mail.dk,010185-1234,1985-01-01,Osteoporosis,Alendronate",person:Nina Andersen; address:Strøget 55 København 1157; phone_number:+45 33 12 34 56; email:nina.andersen@mail.dk; national_id_number:010185-1234; date_of_birth:1985-01-01; medical_condition:Osteoporosis; medication:Alendronate,person:Nina Andersen(1.00); address:Strøget 55 København 1157(0.99); phone_number:+45 33 12 34 56(1.00); email:nina.andersen@mail.dk(1.00); date_of_birth:1985-01-01(0.87); medical_condition:Osteoporosis(0.99); medication:Alendronate(0.98),person:Nina Andersen; address:Strøget 55 København 1157; phone_number:+45 33 12 34 56; email:nina.andersen@mail.dk; date_of_birth:1985-01-01; medical_condition:Osteoporosis; medication:Alendronate,-,national_id_number:010185-1234,7,0,1
Structured CSV,unknown,"Robert Brown,567 Fifth Avenue New York NY 10017,212-555-7890,robert.brown@yahoo.com,456-78-9012,1972-04-30,Coronary Artery Disease,Atorvastatin 40mg",person:Robert Brown; address:567 Fifth Avenue New York NY 10017; phone_number:212-555-7890; email:robert.brown@yahoo.com; national_id_number:456-78-9012; date_of_birth:1972-04-30; medical_condition:Coronary Artery Disease; medication:Atorvastatin 40mg,person:Robert Brown(1.00); address:567 Fifth Avenue New York NY 10017(0.99); phone_number:212-555-7890(0.54); email:robert.brown@yahoo.com(1.00); date_of_birth:1972-04-30(0.93); medical_condition:Coronary Artery Disease(0.99); medication:Atorvastatin 40mg(0.95),person:Robert Brown; address:567 Fifth Avenue New York NY 10017; phone_number:212-555-7890; email:robert.brown@yahoo.com; date_of_birth:1972-04-30; medical_condition:Coronary Artery Disease; medication:Atorvastatin 40mg,-,national_id_number:456-78-9012,7,0,1
Structured CSV,unknown,"Luisa Fernandez,Carrera 7 No 32-16 Bogotá,+57 1 234 5678,luisa.fernandez@hotmail.com,1234567890,1989-11-11,Lupus,Hydroxychloroquine",person:Luisa Fernandez; address:Carrera 7 No 32-16 Bogotá; phone_number:+57 1 234 5678; email:luisa.fernandez@hotmail.com; national_id_number:1234567890; date_of_birth:1989-11-11; medical_condition:Lupus; medication:Hydroxychloroquine,person:Luisa Fernandez(1.00); address:Carrera 7 No 32-16 Bogotá(0.99); phone_number:+57 1 234 5678(1.00); email:luisa.fernandez@hotmail.com(1.00); date_of_birth:1989-11-11(0.88); medical_condition:Lupus(0.80); medication:Hydroxychloroquine(0.96),person:Luisa Fernandez; address:Carrera 7 No 32-16 Bogotá; phone_number:+57 1 234 5678; email:luisa.fernandez@hotmail.com; date_of_birth:1989-11-11; medical_condition:Lupus; medication:Hydroxychloroquine,-,national_id_number:1234567890,7,0,1
Structured CSV,unknown,"Hiroshi Yamamoto,大阪府大阪市北区梅田1-1-1,+81 6 9876 5432,hiroshi.yamamoto@yahoo.co.jp,9876-5432-1098,1980-06-20,Parkinson Disease,Levodopa",person:Hiroshi Yamamoto; address:大阪府大阪市北区梅田1-1-1; phone_number:+81 6 9876 5432; email:hiroshi.yamamoto@yahoo.co.jp; national_id_number:9876-5432-1098; date_of_birth:1980-06-20; medical_condition:Parkinson Disease; medication:Levodopa,person:Hiroshi Yamamoto(1.00); address:大阪府大阪市北区梅田1-1-1(0.97); phone_number:+81 6 9876 5432(1.00); email:hiroshi.yamamoto@yahoo.co.jp(1.00); credit_card_number:9876-5432-1098(0.36); date_of_birth:1980-06-20(0.91); medical_condition:Parkinson Disease(0.99); medication:Levodopa(0.97),person:Hiroshi Yamamoto; address:大阪府大阪市北区梅田1-1-1; phone_number:+81 6 9876 5432; email:hiroshi.yamamoto@yahoo.co.jp; date_of_birth:1980-06-20; medical_condition:Parkinson Disease; medication:Levodopa,credit_card_number:9876-5432-1098,national_id_number:9876-5432-1098,7,1,1
Structured CSV,unknown,"Anja Schmidt,Hauptstraße 45 München 80331,+49 89 9876543,anja.schmidt@gmx.de,DE12500105170648489890,1986-09-15,Multiple Sclerosis,Interferon beta",person:Anja Schmidt; address:Hauptstraße 45 München 80331; phone_number:+49 89 9876543; email:anja.schmidt@gmx.de; national_id_number:DE12500105170648489890; date_of_birth:1986-09-15; medical_condition:Multiple Sclerosis; medication:Interferon beta,person:Anja Schmidt(1.00); address:Hauptstraße 45 München 80331(0.99); phone_number:+49 89 9876543(1.00); email:anja.schmidt@gmx.de(1.00); date_of_birth:1986-09-15(0.88); medical_condition:Multiple Sclerosis(0.99); medication:Interferon beta(0.37),person:Anja Schmidt; address:Hauptstraße 45 München 80331; phone_number:+49 89 9876543; email:anja.schmidt@gmx.de; date_of_birth:1986-09-15; medical_condition:Multiple Sclerosis; medication:Interferon beta,-,national_id_number:DE12500105170648489890,7,0,1
Structured CSV,unknown,"Patrick Murphy,25 O'Connell Street Cork T12 X8Y9,+353 21 456 7890,patrick.murphy@gmail.com,9876543W,1974-12-05,Rheumatoid Arthritis,Methotrexate",person:Patrick Murphy; address:25 O'Connell Street Cork T12 X8Y9; phone_number:+353 21 456 7890; email:patrick.murphy@gmail.com; national_id_number:9876543W; date_of_birth:1974-12-05; medical_condition:Rheumatoid Arthritis; medication:Methotrexate,person:Patrick Murphy(1.00); address:25 O'Connell Street Cork T12 X8Y9(0.99); phone_number:+353 21 456 7890(1.00); email:patrick.murphy@gmail.com(1.00); date_of_birth:1974-12-05(0.87); medical_condition:Rheumatoid Arthritis(0.99); medication:Methotrexate(0.99),person:Patrick Murphy; address:25 O'Connell Street Cork T12 X8Y9; phone_number:+353 21 456 7890; email:patrick.murphy@gmail.com; date_of_birth:1974-12-05; medical_condition:Rheumatoid Arthritis; medication:Methotrexate,-,national_id_number:9876543W,7,0,1
Structured CSV,unknown,"Wei Zhang,广州市天河区天河路385号,+86 20 8765 4321,wei.zhang@sina.com,440106198808081234,1988-08-08,Chronic Kidney Disease,Erythropoietin",person:Wei Zhang; address:广州市天河区天河路385号; phone_number:+86 20 8765 4321; email:wei.zhang@sina.com; national_id_number:440106198808081234; date_of_birth:1988-08-08; medical_condition:Chronic Kidney Disease; medication:Erythropoietin,person:Wei Zhang(1.00); address:广州市天河区天河路385号(0.97); phone_number:+86 20 8765 4321(1.00); email:wei.zhang@sina.com(1.00); email:440106198808081234(0.37); date:1988-08-08(0.83); medical_condition:Chronic Kidney Disease(0.99); medication:Erythropoietin(0.81),person:Wei Zhang; address:广州市天河区天河路385号; phone_number:+86 20 8765 4321; email:wei.zhang@sina.com; medical_condition:Chronic Kidney Disease; medication:Erythropoietin,email:440106198808081234; date:1988-08-08,national_id_number:440106198808081234; date_of_birth:1988-08-08,6,2,2
Structured CSV,unknown,"Marta Nowak,ul. Floriańska 25 Kraków 31-019,+48 12 345 6789,marta.nowak@onet.pl,88121512345,1988-12-15,Endometriosis,Dienogest",person:Marta Nowak; address:ul. Floriańska 25 Kraków 31-019; phone_number:+48 12 345 6789; email:marta.nowak@onet.pl; national_id_number:88121512345; date_of_birth:1988-12-15; medical_condition:Endometriosis; medication:Dienogest,person:Marta Nowak(1.00); address:ul. Floriańska 25 Kraków 31-019(0.99); phone_number:+48 12 345 6789(1.00); email:marta.nowak@onet.pl(1.00); credit_card_number:88121512345(0.44); date_of_birth:1988-12-15(0.87); medical_condition:Endometriosis(0.99); medical_condition:Dienogest(0.91),person:Marta Nowak; address:ul. Floriańska 25 Kraków 31-019; phone_number:+48 12 345 6789; email:marta.nowak@onet.pl; date_of_birth:1988-12-15; medical_condition:Endometriosis,credit_card_number:88121512345; medical_condition:Dienogest,national_id_number:88121512345; medication:Dienogest,6,2,2
Structured CSV,unknown,"Alessandro Bianchi,Piazza del Duomo 1 Firenze 50122,+39 055 1234567,alessandro.bianchi@tin.it,BNCLSN85M15D612X,1985-08-15,Sleep Apnea,CPAP therapy",person:Alessandro Bianchi; address:Piazza del Duomo 1 Firenze 50122; phone_number:+39 055 1234567; email:alessandro.bianchi@tin.it; national_id_number:BNCLSN85M15D612X; date_of_birth:1985-08-15; medical_condition:Sleep Apnea; medication:CPAP therapy,person:Alessandro Bianchi(1.00); address:Piazza del Duomo 1 Firenze 50122(0.99); phone_number:+39 055 1234567(0.99); email:alessandro.bianchi@tin.it(1.00); driver_license_number:BNCLSN85M15D612X(0.37); date:1985-08-15(0.73); medical_condition:Sleep Apnea(0.99),person:Alessandro Bianchi; address:Piazza del Duomo 1 Firenze 50122; phone_number:+39 055 1234567; email:alessandro.bianchi@tin.it; medical_condition:Sleep Apnea,driver_license_number:BNCLSN85M15D612X; date:1985-08-15,national_id_number:BNCLSN85M15D612X; date_of_birth:1985-08-15; medication:CPAP therapy,5,2,3
Structured CSV,unknown,"Laura Sánchez,Paseo de la Castellana 200 Madrid 28046,+34 91 987 6543,laura.sanchez@gmail.com,87654321X,1983-07-22,Bipolar Disorder,Lithium",person:Laura Sánchez; address:Paseo de la Castellana 200 Madrid 28046; phone_number:+34 91 987 6543; email:laura.sanchez@gmail.com; national_id_number:87654321X; date_of_birth:1983-07-22; medical_condition:Bipolar Disorder; medication:Lithium,person:Laura Sánchez(1.00); address:Paseo de la Castellana 200 Madrid 28046(0.99); phone_number:+34 91 987 6543(1.00); email:laura.sanchez@gmail.com(1.00); credit_card_number:87654321X(0.54); date_of_birth:1983-07-22(0.86); medical_condition:Bipolar Disorder(0.99); medication:Lithium(0.97),person:Laura Sánchez; address:Paseo de la Castellana 200 Madrid 28046; phone_number:+34 91 987 6543; email:laura.sanchez@gmail.com; date_of_birth:1983-07-22; medical_condition:Bipolar Disorder; medication:Lithium,credit_card_number:87654321X,national_id_number:87654321X,7,1,1
Structured CSV,unknown,"Erik Johansson,Kungsgatan 10 Stockholm 111 43,+46 8 123 4567,erik.johansson@telia.se,850615-1234,1985-06-15,Crohn Disease,Infliximab",person:Erik Johansson; address:Kungsgatan 10 Stockholm 111 43; phone_number:+46 8 123 4567; email:erik.johansson@telia.se; national_id_number:850615-1234; date_of_birth:1985-06-15; medical_condition:Crohn Disease; medication:Infliximab,person:Erik Johansson(1.00); address:Kungsgatan 10 Stockholm 111 43(0.99); phone_number:+46 8 123 4567(1.00); email:erik.johansson@telia.se(1.00); credit_card_number:850615-1234(0.37); date_of_birth:1985-06-15(0.85); medical_condition:Crohn Disease(0.99); medication:Infliximab(0.98),person:Erik Johansson; address:Kungsgatan 10 Stockholm 111 43; phone_number:+46 8 123 4567; email:erik.johansson@telia.se; date_of_birth:1985-06-15; medical_condition:Crohn Disease; medication:Infliximab,credit_card_number:850615-1234,national_id_number:850615-1234,7,1,1
Structured CSV,unknown,"Priya Sharma,MG Road Bangalore 560001,+91 80 2345 6789,priya.sharma@rediffmail.com,ABCDE1234F,1990-02-14,Polycystic Ovary Syndrome,Metformin",person:Priya Sharma; address:MG Road Bangalore 560001; phone_number:+91 80 2345 6789; email:priya.sharma@rediffmail.com; national_id_number:ABCDE1234F; date_of_birth:1990-02-14; medical_condition:Polycystic Ovary Syndrome; medication:Metformin,person:Priya Sharma(1.00); address:MG Road Bangalore 560001(0.99); phone_number:+91 80 2345 6789(1.00); email:priya.sharma@rediffmail.com(1.00); national_id_number:ABCDE1234F(0.41); date_of_birth:1990-02-14(0.89); medical_condition:Polycystic Ovary Syndrome(0.99); medication:Metformin(0.90),person:Priya Sharma; address:MG Road Bangalore 560001; phone_number:+91 80 2345 6789; email:priya.sharma@rediffmail.com; national_id_number:ABCDE1234F; date_of_birth:1990-02-14; medical_condition:Polycystic Ovary Syndrome; medication:Metformin,-,-,8,0,0
Structured CSV,unknown,"David Cohen,Dizengoff Street 100 Tel Aviv 6433201,+972 3 123 4567,david.cohen@walla.co.il,012345678,1977-05-08,Ulcerative Colitis,Mesalamine",person:David Cohen; address:Dizengoff Street 100 Tel Aviv 6433201; phone_number:+972 3 123 4567; email:david.cohen@walla.co.il; national_id_number:012345678; date_of_birth:1977-05-08; medical_condition:Ulcerative Colitis; medication:Mesalamine,person:David Cohen(1.00); address:Dizengoff Street 100 Tel Aviv 6433201(0.99); phone_number:+972 3 123 4567(1.00); email:david.cohen@walla.co.il(1.00); date_of_birth:1977-05-08(0.85); medical_condition:Ulcerative Colitis(0.99); medication:Mesalamine(0.98),person:David Cohen; address:Dizengoff Street 100 Tel Aviv 6433201; phone_number:+972 3 123 4567; email:david.cohen@walla.co.il; date_of_birth:1977-05-08; medical_condition:Ulcerative Colitis; medication:Mesalamine,-,national_id_number:012345678,7,0,1
Structured CSV,unknown,"Nguyen Thi Lan,123 Nguyen Hue Ho Chi Minh City,+84 28 1234 5678,nguyen.lan@gmail.com,012345678901,1993-04-25,Thalassemia,Blood transfusion",person:Nguyen Thi Lan; address:123 Nguyen Hue Ho Chi Minh City; phone_number:+84 28 1234 5678; email:nguyen.lan@gmail.com; national_id_number:012345678901; date_of_birth:1993-04-25; medical_condition:Thalassemia; medication:Blood transfusion,person:Nguyen Thi Lan(1.00); address:123 Nguyen Hue Ho Chi Minh City(0.95); phone_number:+84 28 1234 5678(1.00); email:nguyen.lan@gmail.com(1.00); date_of_birth:1993-04-25(0.89); medical_condition:Thalassemia(0.99); medical_condition:Blood transfusion(0.84),person:Nguyen Thi Lan; address:123 Nguyen Hue Ho Chi Minh City; phone_number:+84 28 1234 5678; email:nguyen.lan@gmail.com; date_of_birth:1993-04-25; medical_condition:Thalassemia,medical_condition:Blood transfusion,national_id_number:012345678901; medication:Blood transfusion,6,1,2
Structured CSV,unknown,"Rachel Thompson,34 High Street Edinburgh EH1 1TB,+44 131 234 5678,rachel.thompson@btinternet.com,AB123456C,1984-01-30,Graves Disease,Methimazole",person:Rachel Thompson; address:34 High Street Edinburgh EH1 1TB; phone_number:+44 131 234 5678; email:rachel.thompson@btinternet.com; national_id_number:AB123456C; date_of_birth:1984-01-30; medical_condition:Graves Disease; medication:Methimazole,person:Rachel Thompson(1.00); address:34 High Street Edinburgh EH1 1TB(0.99); phone_number:+44 131 234 5678(1.00); email:rachel.thompson@btinternet.com(1.00); national_id_number:AB123456C(0.51); date_of_birth:1984-01-30(0.91); medical_condition:Graves Disease(0.99); medication:Methimazole(0.91),person:Rachel Thompson; address:34 High Street Edinburgh EH1 1TB; phone_number:+44 131 234 5678; email:rachel.thompson@btinternet.com; national_id_number:AB123456C; date_of_birth:1984-01-30; medical_condition:Graves Disease; medication:Methimazole,-,-,8,0,0
Structured CSV,unknown,"Omar Farouk,25 Avenue Mohammed V Casablanca 20000,+212 522 123456,omar.farouk@menara.ma,AB123456,1981-09-18,Vitiligo,Tacrolimus",person:Omar Farouk; address:25 Avenue Mohammed V Casablanca 20000; phone_number:+212 522 123456; email:omar.farouk@menara.ma; national_id_number:AB123456; date_of_birth:1981-09-18; medical_condition:Vitiligo; medication:Tacrolimus,person:Omar Farouk(1.00); address:25 Avenue Mohammed V Casablanca 20000(1.00); phone_number:+212 522 123456(0.99); email:omar.farouk@menara.ma(1.00); driver_license_number:AB123456(0.41); date_of_birth:1981-09-18(0.85); medical_condition:Vitiligo(0.98); medication:Tacrolimus(0.85),person:Omar Farouk; address:25 Avenue Mohammed V Casablanca 20000; phone_number:+212 522 123456; email:omar.farouk@menara.ma; date_of_birth:1981-09-18; medical_condition:Vitiligo; medication:Tacrolimus,driver_license_number:AB123456,national_id_number:AB123456,7,1,1
Structured CSV,unknown,"Julia Santos,Rua Augusta 1500 São Paulo 01305-100,+55 11 3456-7890,julia.santos@globo.com,987.654.321-00,1994-06-30,Attention Deficit Disorder,Methylphenidate",person:Julia Santos; address:Rua Augusta 1500 São Paulo 01305-100; phone_number:+55 11 3456-7890; email:julia.santos@globo.com; national_id_number:987.654.321-00; date_of_birth:1994-06-30; medical_condition:Attention Deficit Disorder; medication:Methylphenidate,person:Julia Santos(1.00); address:Rua Augusta 1500 São Paulo 01305-100(0.98); phone_number:+55 11 3456-7890(0.99); email:julia.santos@globo.com(1.00); credit_card_number:987.654.321-00(0.39); date_of_birth:1994-06-30(0.78); medical_condition:Attention Deficit Disorder(0.98); medication:Methylphenidate(0.96),person:Julia Santos; address:Rua Augusta 1500 São Paulo 01305-100; phone_number:+55 11 3456-7890; email:julia.santos@globo.com; date_of_birth:1994-06-30; medical_condition:Attention Deficit Disorder; medication:Methylphenidate,credit_card_number:987.654.321-00,national_id_number:987.654.321-00,7,1,1
Structured CSV,unknown,"Takeshi Suzuki,福岡県福岡市博多区博多駅前2-1-1,+81 92 123 4567,takeshi.suzuki@softbank.ne.jp,5678-9012-3456,1978-03-12,Chronic Fatigue Syndrome,Modafinil",person:Takeshi Suzuki; address:福岡県福岡市博多区博多駅前2-1-1; phone_number:+81 92 123 4567; email:takeshi.suzuki@softbank.ne.jp; national_id_number:5678-9012-3456; date_of_birth:1978-03-12; medical_condition:Chronic Fatigue Syndrome; medication:Modafinil,person:Takeshi Suzuki(1.00); address:福岡県福岡市博多区博多駅前2-1-1(0.94); phone_number:+81 92 123 4567(1.00); email:takeshi.suzuki@softbank.ne.jp(1.00); credit_card_number:5678-9012-3456(0.45); date_of_birth:1978-03-12(0.84); medical_condition:Chronic Fatigue Syndrome(0.99); medication:Modafinil(0.99),person:Takeshi Suzuki; address:福岡県福岡市博多区博多駅前2-1-1; phone_number:+81 92 123 4567; email:takeshi.suzuki@softbank.ne.jp; date_of_birth:1978-03-12; medical_condition:Chronic Fatigue Syndrome; medication:Modafinil,credit_card_number:5678-9012-3456,national_id_number:5678-9012-3456,7,1,1
Structured CSV,unknown,"Eva Müller,Bahnhofstrasse 20 Zürich 8001,+41 44 123 4567,eva.mueller@bluewin.ch,756.1234.5678.90,1986-11-28,Interstitial Cystitis,Pentosan",person:Eva Müller; address:Bahnhofstrasse 20 Zürich 8001; phone_number:+41 44 123 4567; email:eva.mueller@bluewin.ch; national_id_number:756.1234.5678.90; date_of_birth:1986-11-28; medical_condition:Interstitial Cystitis; medication:Pentosan,person:Eva Müller(1.00); address:Bahnhofstrasse 20 Zürich 8001(0.99); phone_number:+41 44 123 4567(0.99); email:eva.mueller@bluewin.ch(1.00); credit_card_number:756.1234.5678.90(0.53); date:1986-11-28(0.86); medical_condition:Interstitial Cystitis(0.98); medical_condition:Pentosan(0.77),person:Eva Müller; address:Bahnhofstrasse 20 Zürich 8001; phone_number:+41 44 123 4567; email:eva.mueller@bluewin.ch; medical_condition:Interstitial Cystitis,credit_card_number:756.1234.5678.90; date:1986-11-28; medical_condition:Pentosan,national_id_number:756.1234.5678.90; date_of_birth:1986-11-28; medication:Pentosan,5,3,3
Structured CSV,unknown,"Andreas Christou,Makarios Avenue 50 Nicosia 1065,+357 22 123456,andreas.christou@cytanet.com.cy,1234567,1979-08-05,Peripheral Neuropathy,Gabapentin",person:Andreas Christou; address:Makarios Avenue 50 Nicosia 1065; phone_number:+357 22 123456; email:andreas.christou@cytanet.com.cy; national_id_number:1234567; date_of_birth:1979-08-05; medical_condition:Peripheral Neuropathy; medication:Gabapentin,person:Andreas Christou(1.00); address:Makarios Avenue 50 Nicosia 1065(0.99); phone_number:+357 22 123456(0.99); email:andreas.christou@cytanet.com.cy(1.00); date_of_birth:1979-08-05(0.87); medical_condition:Peripheral Neuropathy(0.99); medication:Gabapentin(0.99),person:Andreas Christou; address:Makarios Avenue 50 Nicosia 1065; phone_number:+357 22 123456; email:andreas.christou@cytanet.com.cy; date_of_birth:1979-08-05; medical_condition:Peripheral Neuropathy; medication:Gabapentin,-,national_id_number:1234567,7,0,1
Structured CSV,unknown,"Ingrid Larsen,Karl Johans gate 25 Oslo 0159,+47 22 12 34 56,ingrid.larsen@online.no,01018512345,1985-01-01,Meniere Disease,Betahistine",person:Ingrid Larsen; address:Karl Johans gate 25 Oslo 0159; phone_number:+47 22 12 34 56; email:ingrid.larsen@online.no; national_id_number:01018512345; date_of_birth:1985-01-01; medical_condition:Meniere Disease; medication:Betahistine,person:Ingrid Larsen(1.00); address:Karl Johans gate 25 Oslo 0159(0.99); phone_number:+47 22 12 34 56(1.00); email:ingrid.larsen@online.no(1.00); credit_card_number:01018512345(0.34); date_of_birth:1985-01-01(0.90); medical_condition:Meniere Disease(0.99); medication:Betahistine(0.93),person:Ingrid Larsen; address:Karl Johans gate 25 Oslo 0159; phone_number:+47 22 12 34 56; email:ingrid.larsen@online.no; date_of_birth:1985-01-01; medical_condition:Meniere Disease; medication:Betahistine,credit_card_number:01018512345,national_id_number:01018512345,7,1,1
Structured CSV,unknown,"Michael O'Connor,15 Baggot Street Dublin D04 T2H1,+353 1 876 5432,michael.oconnor@gmail.com,2345678R,1970-07-17,Atrial Fibrillation,Warfarin",person:Michael O'Connor; address:15 Baggot Street Dublin D04 T2H1; phone_number:+353 1 876 5432; email:michael.oconnor@gmail.com; national_id_number:2345678R; date_of_birth:1970-07-17; medical_condition:Atrial Fibrillation; medication:Warfarin,person:Michael O'Connor(1.00); address:15 Baggot Street Dublin D04 T2H1(0.99); phone_number:+353 1 876 5432(1.00); email:michael.oconnor@gmail.com(1.00); credit_card_number:2345678R(0.32); date_of_birth:1970-07-17(0.87); medical_condition:Atrial Fibrillation(0.99); medication:Warfarin(0.98),person:Michael O'Connor; address:15 Baggot Street Dublin D04 T2H1; phone_number:+353 1 876 5432; email:michael.oconnor@gmail.com; date_of_birth:1970-07-17; medical_condition:Atrial Fibrillation; medication:Warfarin,credit_card_number:2345678R,national_id_number:2345678R,7,1,1
Structured CSV,unknown,"Kenji Watanabe,名古屋市中区栄3-1-1,+81 52 234 5678,kenji.watanabe@ezweb.ne.jp,2345-6789-0123,1982-10-10,Narcolepsy,Sodium oxybate",person:Kenji Watanabe; address:名古屋市中区栄3-1-1; phone_number:+81 52 234 5678; email:kenji.watanabe@ezweb.ne.jp; national_id_number:2345-6789-0123; date_of_birth:1982-10-10; medical_condition:Narcolepsy; medication:Sodium oxybate,person:Kenji Watanabe(1.00); address:名古屋市中区栄3-1-1(0.97); phone_number:+81 52 234 5678(1.00); email:kenji.watanabe@ezweb.ne.jp(1.00); date_of_birth:1982-10-10(0.78); medical_condition:Narcolepsy(0.97); medication:Sodium oxybate(0.41),person:Kenji Watanabe; address:名古屋市中区栄3-1-1; phone_number:+81 52 234 5678; email:kenji.watanabe@ezweb.ne.jp; date_of_birth:1982-10-10; medical_condition:Narcolepsy; medication:Sodium oxybate,-,national_id_number:2345-6789-0123,7,0,1
Structured CSV,unknown,"Svetlana Ivanova,Невский проспект 100 Санкт-Петербург 191025,+7 812 234 5678,svetlana.ivanova@yandex.ru,4511 234567,1988-05-20,Scleroderma,Mycophenolate",person:Svetlana Ivanova; address:Невский проспект 100 Санкт-Петербург 191025; phone_number:+7 812 234 5678; email:svetlana.ivanova@yandex.ru; national_id_number:4511 234567; date_of_birth:1988-05-20; medical_condition:Scleroderma; medication:Mycophenolate,person:Svetlana Ivanova(1.00); address:Невский проспект 100 Санкт-Петербург 191025(0.98); phone_number:+7 812 234 5678(1.00); email:svetlana.ivanova@yandex.ru(1.00); credit_card_number:4511 234567(0.58); date_of_birth:1988-05-20(0.86); medical_condition:Scleroderma(0.99); medical_condition:Mycophenolate(0.67),person:Svetlana Ivanova; address:Невский проспект 100 Санкт-Петербург 191025; phone_number:+7 812 234 5678; email:svetlana.ivanova@yandex.ru; date_of_birth:1988-05-20; medical_condition:Scleroderma,credit_card_number:4511 234567; medical_condition:Mycophenolate,national_id_number:4511 234567; medication:Mycophenolate,6,2,2
Structured CSV,unknown,"Francesco Romano,Via Nazionale 50 Roma 00184,+39 06 9876543,francesco.romano@virgilio.it,RMNFNC75A15H501X,1975-01-15,Hemophilia,Factor VIII",person:Francesco Romano; address:Via Nazionale 50 Roma 00184; phone_number:+39 06 9876543; email:francesco.romano@virgilio.it; national_id_number:RMNFNC75A15H501X; date_of_birth:1975-01-15; medical_condition:Hemophilia; medication:Factor VIII,person:Francesco Romano(1.00); address:Via Nazionale 50 Roma 00184(1.00); phone_number:+39 06 9876543(1.00); email:francesco.romano@virgilio.it(1.00); national_id_number:RMNFNC75A15H501X(0.48); date_of_birth:1975-01-15(0.86); medical_condition:Hemophilia(0.99); medical_condition:Factor VIII(0.43),person:Francesco Romano; address:Via Nazionale 50 Roma 00184; phone_number:+39 06 9876543; email:francesco.romano@virgilio.it; national_id_number:RMNFNC75A15H501X; date_of_birth:1975-01-15; medical_condition:Hemophilia,medical_condition:Factor VIII,medication:Factor VIII,7,1,1
Structured CSV,unknown,"Mei Lin,深圳市南山区科技园路1号,+86 755 8765 4321,mei.lin@126.com,440305199106151234,1991-06-15,Epilepsy,Valproate",person:Mei Lin; address:深圳市南山区科技园路1号; phone_number:+86 755 8765 4321; email:mei.lin@126.com; national_id_number:440305199106151234; date_of_birth:1991-06-15; medical_condition:Epilepsy; medication:Valproate,person:Mei Lin(1.00); address:深圳市南山区科技园路1号(0.99); phone_number:+86 755 8765 4321(1.00); email:mei.lin@126.com(1.00); email:440305199106151234(0.52); date:1991-06-15(0.72); medical_condition:Epilepsy(0.99); medication:Valproate(0.94),person:Mei Lin; address:深圳市南山区科技园路1号; phone_number:+86 755 8765 4321; email:mei.lin@126.com; medical_condition:Epilepsy; medication:Valproate,email:440305199106151234; date:1991-06-15,national_id_number:440305199106151234; date_of_birth:1991-06-15,6,2,2
Structured CSV,unknown,"Pedro Almeida,Av da Liberdade 200 Lisboa 1250-147,+351 21 123 4567,pedro.almeida@sapo.pt,12345678 9 ZY0,1973-12-01,Myasthenia Gravis,Pyridostigmine",person:Pedro Almeida; address:Av da Liberdade 200 Lisboa 1250-147; phone_number:+351 21 123 4567; email:pedro.almeida@sapo.pt; national_id_number:12345678 9 ZY0; date_of_birth:1973-12-01; medical_condition:Myasthenia Gravis; medication:Pyridostigmine,person:Pedro Almeida(1.00); address:Av da Liberdade 200 Lisboa 1250-147(0.99); phone_number:+351 21 123 4567(1.00); email:pedro.almeida@sapo.pt(1.00); national_id_number:12345678 9 ZY0(0.35); date_of_birth:1973-12-01(0.88); medical_condition:Myasthenia Gravis(0.99); medical_condition:Pyridostigmine(0.60),person:Pedro Almeida; address:Av da Liberdade 200 Lisboa 1250-147; phone_number:+351 21 123 4567; email:pedro.almeida@sapo.pt; national_id_number:12345678 9 ZY0; date_of_birth:1973-12-01; medical_condition:Myasthenia Gravis,medical_condition:Pyridostigmine,medication:Pyridostigmine,7,1,1
Structured CSV,unknown,"Sven Nielsen,Strøget 100 Aarhus 8000,+45 86 12 34 56,sven.nielsen@jubii.dk,151285-1234,1985-12-15,Tourette Syndrome,Haloperidol",person:Sven Nielsen; address:Strøget 100 Aarhus 8000; phone_number:+45 86 12 34 56; email:sven.nielsen@jubii.dk; national_id_number:151285-1234; date_of_birth:1985-12-15; medical_condition:Tourette Syndrome; medication:Haloperidol,person:Sven Nielsen(1.00); address:Strøget 100 Aarhus 8000(0.99); phone_number:+45 86 12 34 56(1.00); email:sven.nielsen@jubii.dk(1.00); date_of_birth:1985-12-15(0.83); medical_condition:Tourette Syndrome(0.98); medication:Haloperidol(0.93),person:Sven Nielsen; address:Strøget 100 Aarhus 8000; phone_number:+45 86 12 34 56; email:sven.nielsen@jubii.dk; date_of_birth:1985-12-15; medical_condition:Tourette Syndrome; medication:Haloperidol,-,national_id_number:151285-1234,7,0,1
Structured CSV,unknown,"Aisha Patel,Marine Drive Mumbai 400020,+91 22 2345 6789,aisha.patel@gmail.com,FGHIJ5678K,1995-08-08,Polycythemia Vera,Hydroxyurea",person:Aisha Patel; address:Marine Drive Mumbai 400020; phone_number:+91 22 2345 6789; email:aisha.patel@gmail.com; national_id_number:FGHIJ5678K; date_of_birth:1995-08-08; medical_condition:Polycythemia Vera; medication:Hydroxyurea,person:Aisha Patel(1.00); address:Marine Drive Mumbai 400020(0.99); phone_number:+91 22 2345 6789(1.00); email:aisha.patel@gmail.com(1.00); date_of_birth:1995-08-08(0.83); medication:Polycythemia Vera(0.47); medication:Hydroxyurea(0.40),person:Aisha Patel; address:Marine Drive Mumbai 400020; phone_number:+91 22 2345 6789; email:aisha.patel@gmail.com; date_of_birth:1995-08-08; medication:Hydroxyurea,medication:Polycythemia Vera,national_id_number:FGHIJ5678K; medical_condition:Polycythemia Vera,6,1,2
Structured CSV,unknown,"Thomas Weber,Kärntner Straße 15 Wien 1010,+43 1 234 5678,thomas.weber@aon.at,1234 150185,1985-01-15,Essential Tremor,Propranolol",person:Thomas Weber; address:Kärntner Straße 15 Wien 1010; phone_number:+43 1 234 5678; email:thomas.weber@aon.at; national_id_number:1234 150185; date_of_birth:1985-01-15; medical_condition:Essential Tremor; medication:Propranolol,person:Thomas Weber(1.00); address:Kärntner Straße 15 Wien 1010(0.99); phone_number:+43 1 234 5678(0.99); email:thomas.weber@aon.at(1.00); credit_card_number:1234 150185(0.84); date_of_birth:1985-01-15(0.82); medication:Essential Tremor(0.99); medication:Propranolol(0.97),person:Thomas Weber; address:Kärntner Straße 15 Wien 1010; phone_number:+43 1 234 5678; email:thomas.weber@aon.at; date_of_birth:1985-01-15; medication:Propranolol,credit_card_number:1234 150185; medication:Essential Tremor,national_id_number:1234 150185; medical_condition:Essential Tremor,6,2,2
Structured CSV,unknown,"Rosa Martins,Rua do Carmo 80 Porto 4050-164,+351 22 987 6543,rosa.martins@clix.pt,98765432 1 ZX9,1980-04-22,Addison Disease,Hydrocortisone",person:Rosa Martins; address:Rua do Carmo 80 Porto 4050-164; phone_number:+351 22 987 6543; email:rosa.martins@clix.pt; national_id_number:98765432 1 ZX9; date_of_birth:1980-04-22; medical_condition:Addison Disease; medication:Hydrocortisone,person:Rosa Martins(1.00); address:Rua do Carmo 80 Porto 4050-164(0.99); phone_number:+351 22 987 6543(1.00); email:rosa.martins@clix.pt(1.00); driver_license_number:98765432 1 ZX9(0.45); date_of_birth:1980-04-22(0.90); medical_condition:Addison Disease(0.99); medication:Hydrocortisone(0.96),person:Rosa Martins; address:Rua do Carmo 80 Porto 4050-164; phone_number:+351 22 987 6543; email:rosa.martins@clix.pt; date_of_birth:1980-04-22; medical_condition:Addison Disease; medication:Hydrocortisone,driver_license_number:98765432 1 ZX9,national_id_number:98765432 1 ZX9,7,1,1
